<?xml version="1.0" encoding="UTF-8" standalone="no"?>
<registration_data version="1.0">
   <environment>
      <hostname>IBMBAW</hostname>
      <hostId/>
      <osName>Windows NT (unknown)</osName>
      <osVersion>6.2</osVersion>
      <osArchitecture>amd64</osArchitecture>
      <systemModel>VMware Virtual Platform</systemModel>
      <systemManufacturer>VMware, Inc.</systemManufacturer>
      <cpuManufacturer>GenuineIntel</cpuManufacturer>
      <serialNumber>VMware-42 0b 45 92 a7 8d 60 bb-6b 2c 17 e3 43 d6 87 5e</serialNumber>
   </environment>
   <registry urn="urn:st:1d8afbec-5650-4ce7-87e8-cf8488a65cc1" version="1.0">
      <service_tag>
         <instance_urn>urn:st:de1d16bc-bf9e-49cf-8fd1-4e834f270c4e</instance_urn>
         <product_name>Java SE 6 Development Kit</product_name>
         <product_version>1.6.0_37</product_version>
         <product_urn>urn:uuid:b58ef9a8-5ae8-11db-a023-080020a9ed93</product_urn>
         <product_parent_urn>urn:uuid:fdc90b21-018d-4cab-b866-612c7c119ed3</product_parent_urn>
         <product_parent>Java Platform Standard Edition 6 (Java SE 6)</product_parent>
         <product_defined_inst_id>id=1.6.0_37-b06 amd64,dir=C:\Program Files\Java\jdk1.6.0_37\jre</product_defined_inst_id>
         <product_vendor>Sun Microsystems</product_vendor>
         <platform_arch>amd64</platform_arch>
         <timestamp>2020-08-05 12:41:08 GMT</timestamp>
         <container>global</container>
         <source>Windows JDK i586 installer</source>
         <installer_uid>-1</installer_uid>
      </service_tag>
   </registry>
</registration_data>
